PC1,PC2,PC3,Time,Amount,Class
0.7052520082689533,1.6383882073636613,-0.3637691655959667,406.0,0.0,1
9.132143380218249,-0.5267903171551408,0.6465699689951674,472.0,529.0,1
2.073403036449637,1.7316697891264354,-1.5368167679495432,4462.0,239.93,1
-9.379991704413346,6.034238913260218,-5.2722805307127585,6986.0,59.0,1
7.462133975918574,0.8828258139598861,-2.2949532714684784,7519.0,1.0,1
-5.074036836592565,5.545408347489876,-5.693794870045997,7526.0,1.0,1
-5.00155326238051,5.588836549670169,-5.660244445862567,7535.0,1.0,1
-1.5595001371161459,4.21435695419905,-4.729747828465019,7543.0,1.0,1
-1.5298037984738748,4.272697761586303,-4.692455419920747,7551.0,1.0,1
-4.382655531057436,4.295896218932671,-3.0308887130700874,7610.0,1.0,1
-4.576570571881312,4.353261371714735,-3.242221811883634,7672.0,1.0,1
-1.0620338724049123,3.0222099784239287,-2.278174770302674,7740.0,1.0,1
-4.7288963921883695,3.8097029564600504,-2.269230594354351,7891.0,1.0,1
-4.824789371698586,3.742599000018499,-2.1785463747420915,8090.0,1.0,1
-2.2373032176367733,4.019444853441314,-3.9714242848344847,8169.0,1.0,1
-7.6167379296981395,6.423036990656207,-6.233729552690152,8408.0,1.0,1
-7.6269437440204015,6.547344575138513,-6.358975693093191,8415.0,1.0,1
-7.167727541253932,5.281190958831873,-3.886676154423177,8451.0,1.0,1
-7.0080460126973065,5.254404244400989,-3.729619960300698,8528.0,1.0,1
-7.4159877453758725,4.67052569134502,-2.823037198972706,8614.0,1.0,1
-7.354286873828251,4.76821098192837,-2.967961841584958,8757.0,1.0,1
-10.273503767269773,5.971337382199464,-5.279219600848287,8808.0,1.1,1
-9.02864833737366,5.199472387140668,-3.9326349817883726,8878.0,1.0,1
-8.990332003548858,5.273483662685099,-3.953303069569163,8886.0,1.0,1
-0.7592531833429899,2.4823461350468623,-1.3520231783405852,9064.0,1809.68,1
-26.88647376147301,13.801465744859764,-11.706350984091253,11080.0,1.0,1
-1.4928724415400065,4.2446042596772955,-4.745997581621611,11092.0,1.0,1
-26.267576030149886,12.508525414122213,-9.076995251298733,11131.0,1.0,1
-27.818782575154952,12.96122621927977,-10.04587905565912,11629.0,1.0,1
-2.2003718607029086,3.991351351532302,-4.024966446535349,11635.0,1.0,1
-10.877573409645084,5.726312062531434,-4.732704685888015,12093.0,0.0,1
-11.407514766178348,5.305933309887298,-3.9084927634686144,12095.0,30.39,1
-0.4398342263961297,0.39777351215916945,-4.448644788471798,12393.0,179.66,1
-28.49301421116021,12.678881088586014,-9.366887600487438,12597.0,1.0,1
-27.602177698378117,11.212768552176293,-6.7120883390660815,13126.0,1.0,1
-29.181256512677546,11.648991157967615,-7.555447382170394,13323.0,1.0,1
-29.85548148400599,11.366646493397115,-6.876450054694352,14073.0,1.0,1
-30.318933908986313,10.923741815138483,-6.0044678271860095,14152.0,1.0,1
-0.5699239856781961,-0.2635016421424953,-3.4748254088101502,15817.0,11.39,1
8.935963886430585,-0.3870267733725139,-0.0156849755871884,17187.0,3.79,1
8.97564224186175,-0.3934619329616744,-0.001562603061479928,17220.0,3.79,1
9.224374594507115,-0.8670193238523807,0.6839398490367997,17230.0,3.93,1
-30.782386036436346,10.480837157688926,-5.132485337521257,17520.0,1.0,1
-29.937551748060134,8.980326732386702,-2.5725932632912674,17838.0,766.36,1
-32.14093783376242,2.2530039070135848,-3.1748178353285823,18088.0,1218.89,1
-34.632192214114525,0.35673660076045755,-4.886983529446465,18399.0,1.0,1
-33.722794039804754,-0.9020045653504853,-2.6555403171264356,18675.0,188.78,1
-35.564873125011914,-0.46161174275230776,-3.1440595992130405,18690.0,1.0,1
-36.15072584941177,-0.7766750395368853,-2.3361257676092366,19762.0,1.0,1
-36.614531395152056,-1.219604414835855,-1.4644546778576102,20011.0,1.0,1
-37.07829964501015,-1.6625311816846455,-0.5927507263815153,20332.0,1.0,1
-37.5420361933684,-2.1054557313507525,0.2789811575603598,20451.0,1.0,1
-38.005745569012475,-2.548378380574625,1.1507369836157897,20931.0,1.0,1
-38.4694314773125,-2.991299388507446,2.0225134869511057,21046.0,1.0,1
-38.93309697922639,-3.4342189692306673,2.894307970529802,21419.0,1.0,1
-39.39674462555237,-3.8771373011455186,3.7661181868214646,21662.0,1.0,1
8.616158249609422,-0.15236748998300198,-0.3773720978871702,25095.0,3.12,1
-32.737635744292604,2.061967443915785,10.482863624802496,25198.0,99.99,1
-33.08325096433457,1.6055405680532369,11.625676412422838,25231.0,99.99,1
-33.578428961549605,1.1480772442198104,12.558130043193364,25254.0,99.99,1
8.79618677235351,-0.11140506823314222,-0.1387751895817153,25426.0,3.76,1
-34.53465307856027,0.25525239062850247,14.363378560660696,26523.0,99.99,1
-35.032411180702795,-0.20976623714849807,15.29486639578567,26556.0,99.99,1
-35.52759007248254,-0.6672296235471649,16.227319238347434,26585.0,99.99,1
-36.022770932437396,-1.1246931475987325,17.15977034673318,26833.0,99.99,1
-36.51795355696302,-1.5821567950632984,18.09221990034034,26863.0,99.99,1
-37.01313776960231,-2.039620553599419,19.02466805464679,26899.0,99.99,1
-37.50832341666688,-2.497084412458344,19.957114945068717,26931.0,99.99,1
-38.00351036367931,-2.954548362234868,20.889560690095283,26961.0,99.99,1
-38.49869849246258,-3.4120123946636185,21.822005393853363,27163.0,99.99,1
-38.993887698742824,-3.8694765024518962,22.75444914821957,27187.0,99.99,1
-39.48907789016303,-4.326940679140224,23.686892034570388,27219.0,99.99,1
-39.98426898462827,-4.784404918986807,24.619334125240435,27252.0,99.99,1
0.3299836372958733,2.8243341314133827,-1.8566243804789495,27784.0,23.36,1
-40.94044718255459,-5.677226561026767,26.424623102410226,28143.0,99.99,1
-0.09677103943864473,2.118991800924573,-0.3428258371658104,28242.0,730.86,1
-41.43821865264927,-6.142246123749849,27.356099158916955,28625.0,99.99,1
-41.93340952756773,-6.599710348241506,28.28854144303156,28658.0,99.99,1
-42.428601162062435,-7.057174625857528,29.22098305787695,28692.0,99.99,1
-42.92379350187798,-7.514638952803218,30.153424051258128,28726.0,99.99,1
-43.41898649780575,-7.972103325636963,31.085864466533046,28755.0,99.99,1
7.5332839961294304,0.9232872887998349,-2.036371720224966,29526.0,0.68,1
7.390260883770758,0.6853738385200521,-1.9183703638479666,29531.0,0.68,1
-1.4181967625636442,4.255546477641621,-4.476943530425362,29753.0,0.68,1
0.035838244858187096,2.243292716573674,-0.5418095140815722,29785.0,30.3,1
9.063494691775865,-1.9492601465341344,-0.7053226339994929,30852.0,104.81,1
0.21549509779498344,2.953908387295832,-2.1752484715212868,32686.0,0.0,1
-0.11052561319432819,2.1734619609094197,-0.29980639926848696,32745.0,717.15,1
2.6897929907228244,2.1776333866907023,-1.711159190258383,34256.0,19.02,1
9.491848877326298,-0.6419837227274483,0.7618861111429682,34521.0,1.52,1
0.007637404158145955,3.1286815943739494,-2.3901885332919717,34634.0,18.96,1
-5.57721005217671,4.094599506928579,-6.293799002567288,34684.0,125.3,1
-12.845309522676885,7.992842542366402,-6.035659437859562,34687.0,19.02,1
8.389304587150235,-3.568500435105585,-1.632265321001683,35585.0,0.76,1
-6.064736041083087,3.6291991855826566,-5.3905736895665735,35771.0,60.6,1
-12.891421963766604,7.210875755114548,-4.635581340764173,35866.0,7.61,1
-13.296066041912542,6.734760827941625,-3.8788654969726615,35899.0,1.0,1
-13.701179380795889,6.302223540531617,-3.097579158357825,35906.0,9.13,1
-14.162637371505014,5.885353041548177,-2.382173668080071,35926.0,4.56,1
-14.496294498707336,5.340190077064664,-1.436806841602505,35942.0,14.46,1
-15.39428398035826,5.2790585917608475,-1.2640333811889513,35953.0,111.7,1
-15.952991604140152,4.84944015793942,-0.38868739235626526,36170.0,111.7,1
-1.0674808796502262,1.6884178065504791,-0.003960478846355642,37167.0,12.31,1
9.044519075822759,-0.49965431877184374,0.7912796294239207,39729.0,776.83,1
8.518514083674035,0.12569834129775947,-0.5420164037624144,40086.0,1.0,1
7.527081045585682,0.8768509656007506,-2.072298340621617,40276.0,1.0,1
-1.7838641872757606,3.938889181139632,-4.214653717868848,40662.0,1.0,1
-2.419256981188486,3.7152577108316196,-3.4590497525337502,40742.0,1.0,1
-27.74038901721619,13.541071793111524,-9.914241859184246,40892.0,0.76,1
-8.278087527284221,4.38139471627903,-5.843558508057252,40918.0,0.76,1
-8.936714492895366,4.065169440973049,-5.062617350743984,40919.0,112.33,1
-27.647663056416594,12.713059789584277,-8.510991762673806,41116.0,3.79,1
-28.331629031845328,12.309106648720002,-7.779298999126237,41138.0,340.11,1
-29.198605235406074,12.139338291753054,-7.488448226253526,41147.0,88.23,1
-29.759552720249506,11.840561812550533,-6.847226130285767,41164.0,5.3,1
-29.65650151267577,10.968136061398955,-5.291308347275212,41170.0,83.38,1
-30.117199450577086,10.494572113870914,-4.668868906467532,41181.0,11.38,1
-30.552001631432542,10.100373895993727,-3.8921737430171603,41194.0,1.52,1
-31.417511800579252,9.955379352521177,-3.506071183936827,41203.0,88.23,1
-32.03464874840992,9.662395324219586,-2.8609665210108606,41204.0,30.26,1
-32.37646410526436,9.05945122284859,-1.6794208397164556,41227.0,459.07,1
-33.02278812176732,8.699160901332059,-1.3168391419677519,41233.0,0.0,1
-33.559701696675674,8.340941185038442,-0.3570529899906578,41237.0,118.3,1
-34.03398688121996,7.870588146263728,0.6361110797655424,41243.0,45.49,1
-33.86699527598657,6.980760499027388,2.0300401016923493,41273.0,173.07,1
-34.58320771598585,6.727427428021528,2.3275867408662227,41285.0,37.32,1
-34.828321443492,6.137235661870388,3.4498357291018005,41305.0,59.68,1
-35.26952299860861,5.6951766263179415,4.155135573030898,41308.0,0.76,1
-35.453127088828595,5.035004695544053,5.420981706792885,41313.0,9.99,1
-36.59250964705804,5.118506604391607,5.628001956001767,41353.0,34.12,1
-37.175071598466886,4.762112617426445,6.262369710507211,41397.0,273.01,1
-37.18976225753154,3.9722175845298757,7.416003731419934,41413.0,106.55,1
-38.762813250415306,0.9564883339045696,6.845923149735801,41505.0,364.19,1
0.5031414434702448,2.8966263934720677,-2.133343052834449,41582.0,39.45,1
-39.40182525024653,-2.51870318202242,6.849817252330314,41607.0,53.95,1
-8.955948764312549,3.245017010290426,-3.596595727602465,41646.0,172.32,1
-0.22907662887168279,2.4537379410116094,-0.8028006712642035,41743.0,802.52,1
-14.583599955367685,2.337440117579983,3.871370885795036,41791.0,99.99,1
-41.284289115724775,-8.36250233482708,5.328445386724697,41851.0,139.9,1
-41.741506908176945,-8.758278222054935,5.939037223068922,41870.0,1.0,1
-9.62778932497272,2.981742005985449,-3.258678287702029,41991.0,1.0,1
-1.3490095816645287,4.313286911571982,-5.049539166903788,42247.0,1.0,1
-2.4020499716760924,1.0360628672477694,-5.31700462466659,42474.0,1.0,1
-14.387540893878889,8.035926833411295,-5.9341017485076755,42985.0,1.0,1
-15.050066338805888,7.604469300080911,-4.603754188166831,42988.0,648.0,1
0.5072562400893883,2.3650548686669013,-1.108334464463976,43028.0,204.27,1
-6.30327579958478,3.115418918560426,-4.667947439564551,43369.0,88.0,1
0.5064079471363332,2.705400353417294,-1.9082804020925346,43494.0,24.9,1
-10.103500482803184,2.6174509434757347,-2.5407570330906433,44393.0,1.0,1
9.683939606185048,-0.958802656956162,1.3111902328221323,44532.0,1.0,1
0.3575793465285759,2.291269477482013,-2.9447364889736027,45463.0,1.0,1
9.21639525148245,-0.5481657247611718,0.5629647153675784,45501.0,105.99,1
-0.06549447170965728,1.8915935058264526,-2.329422732090311,45541.0,1.0,1
0.23719872158828714,2.7964983821603147,-1.8355985547088831,46057.0,1.0,1
-0.23267547211152184,2.387955328234381,-1.1226699763598769,46149.0,1.0,1
9.1012072892198,-0.6070516302496948,0.6010698340251934,46925.0,1.0,1
9.184631948993019,-0.41517626502576055,0.4948362867018514,47545.0,0.76,1
9.0994346862651,-0.6484270997586281,0.46663338423342426,47826.0,7.58,1
0.2633454711661596,2.9044030477950944,-2.0106973729494024,47923.0,0.76,1
-0.12186140340499563,2.4171588049363533,-1.14487292235232,47982.0,0.76,1
9.019467893429127,-1.261026720691408,1.346081316273201,48380.0,208.58,1
9.222778345619869,-0.4954402365729247,0.4859195419024236,48533.0,1.0,1
0.34549704866214626,2.1375923170019635,-1.1102510075885312,48884.0,19.73,1
2.2411599156039177,1.298154249817737,-0.20557471903655955,49985.0,360.0,1
-15.543436718299166,1.4368362501239242,5.675979849662824,50706.0,99.99,1
-16.041107316183044,0.9718237423388674,6.607544785547162,50808.0,99.99,1
-16.536213251214598,0.5143654584885746,7.540061910930993,51112.0,99.99,1
-17.031332587739435,0.056906237346379784,8.472567228143195,51135.0,99.99,1
-17.526462812977464,-0.40055374534542154,9.405062951215891,51155.0,99.99,1
9.41017833692754,-0.7158868993560292,1.1388784700241692,52814.0,519.9,1
8.998300495070195,-0.33559965100485467,0.15045406704122266,52934.0,0.76,1
0.16351949269490973,3.0506428380796144,-2.3405405744807277,53031.0,0.76,1
9.617034060323542,-0.728700621777941,0.9488811121840832,53076.0,1.18,1
0.41199360306075405,2.8550919384942817,-1.8218996640116034,53451.0,8.0,1
0.19111084021440305,2.6197899659239434,-1.8883362580417626,53658.0,0.0,1
-0.06718575872143973,2.0203557237549483,-0.6067676712370014,53727.0,112.45,1
-0.5436593979530002,-0.5618972449515851,-1.6316617485210225,53937.0,261.87,1
8.947625568264431,-1.27136258193526,1.788788545198204,54846.0,1.79,1
-15.461705654051109,7.075812214180816,-3.8386681089530565,55279.0,1.0,1
-15.942186321464689,6.772970689299485,-3.3854362562352316,55311.0,0.83,1
-17.03033517575523,3.5022741837327347,-3.677771547821525,55614.0,0.83,1
-17.54828173243804,3.1140519591979707,-2.7068788111156943,55618.0,130.44,1
8.319589895253085,-3.184086802886885,-0.43028120469299247,55760.0,311.91,1
0.22925111648981122,2.106782698814839,-2.7221832721744237,56098.0,170.92,1
-17.809745355491742,2.5754325716597926,-1.9218962329804057,56624.0,153.46,1
-18.23519809352506,2.110965370204671,-1.2211482089625025,56650.0,7.52,1
-3.8409289060771297,4.761383149993665,-4.017850827948481,56806.0,1.0,1
-3.3603200968668308,4.293693123694858,-3.0973597421613412,56887.0,5.0,1
-3.6186393751021466,3.7803329909972447,-2.2081327422692114,57007.0,0.01,1
-4.1035353594932555,3.248683127063213,-1.066126848515126,57027.0,444.17,1
-20.056848617725986,-3.813704141568318,-2.5502585064506755,57163.0,1.0,1
-5.963080693868562,2.3005579107356224,-5.783117679493714,58060.0,1.0,1
6.9419757235062445,-1.9983108412227057,-3.1684726423204035,58067.0,1.0,1
-0.1109406919286382,3.2426098994149726,-2.58856493140578,58199.0,1.75,1
9.211814433746083,-0.4663820746742481,0.1615300500740715,58217.0,5.09,1
-0.31466944632429517,2.5073036065045184,-1.0536140030305086,58222.0,270.0,1
-4.93822121950933,0.6738332664013995,-2.499963982034348,58642.0,113.92,1
-6.785084135213484,2.711493340823628,-4.158408476540248,58822.0,45.64,1
-0.15265538904460563,2.718397457102369,-1.0560342679779693,59011.0,1389.56,1
-0.7028052450378848,2.123917652650734,-0.13452947634125723,59385.0,18.98,1
0.18198904163884322,2.929465812202122,-1.9718059606696603,59669.0,6.27,1
-1.2093589671565041,-0.18905267523556335,3.680083352787129,59777.0,319.2,1
-5.290906616675866,5.084474924237971,-4.0595283797953705,59840.0,5.91,1
-5.872023035780888,4.702952219982994,-3.1110140453824684,60353.0,454.82,1
0.1592497383624636,2.319199340957828,-2.1242207650311453,61108.0,101.5,1
3.2282850756644885,1.4487997192470154,-1.5850695367575727,61646.0,19.04,1
-1.811825718925709,3.1336331259762655,-2.1493350693690685,62059.0,6.62,1
-2.0086766047213835,2.432619266111096,-0.7435952608809553,62080.0,180.0,1
8.523465332885548,0.08459278924710611,-0.5831184979936295,62330.0,1.0,1
-11.5571856257333,4.748203827456569,-2.7670689389138126,62341.0,1.1,1
-6.81492218121117,4.1271527659636185,-1.498325207743309,62467.0,1402.16,1
9.540951405209094,-0.6818043802996521,0.7754897557021717,63578.0,290.18,1
-11.877112287802778,4.1738378655436605,-1.4348701826261403,64093.0,294.9,1
-0.062224981929395184,2.4450468308353144,-3.425456614900054,64412.0,1.0,1
8.836637925255703,-0.20727585572746499,0.02596144169917558,64443.0,0.0,1
8.877033994750326,-0.18858932872038403,0.008507384703254628,64585.0,0.0,1
-7.861058720457301,3.6687243621423233,-0.6075992784343789,64785.0,720.38,1
9.735312856169648,-0.8208496277783752,1.140249025528791,65358.0,31.91,1
-1.2717990118067881,-1.2263940564417495,-2.3488470608369925,65385.0,1354.25,1
9.411349640243978,-0.6330266943957832,0.9042074314631496,65728.0,98.01,1
-0.21893361885121898,1.8085865955393863,-1.1916625332872133,65936.0,101.5,1
0.2296958261679265,2.9445308494854876,-2.134241239505144,66037.0,7.53,1
-0.2991838324044611,2.4075220595463374,-0.8297071927465371,67150.0,489.71,1
9.39835472353907,-1.0817650245397232,1.6693512899104777,67571.0,549.06,1
9.243361048139299,-1.203852681558269,1.429879606105897,67857.0,320.0,1
-17.738574431504954,-30.03076028581303,-30.90486365821991,68207.0,1.0,1
-17.738574431504954,-30.03076028581303,-30.90486365821991,68207.0,1.0,1
-17.738574431504954,-30.03076028581303,-30.90486365821991,68207.0,1.0,1
-17.738574431504954,-30.03076028581303,-30.90486365821991,68207.0,1.0,1
-17.738574431504954,-30.03076028581303,-30.90486365821991,68207.0,1.0,1
-17.738574431504954,-30.03076028581303,-30.90486365821991,68207.0,1.0,1
9.566297372974402,-0.8113603445121543,0.9809071378901315,68357.0,19.59,1
8.482586849504505,0.10379848039965922,-0.5103146605472546,69394.0,1.0,1
-3.5407857906506166,4.360069812090256,-3.0365821529359103,70071.0,227.3,1
0.28835135538703405,2.944834144071449,-2.213514350444796,70229.0,3.79,1
-0.200354319219203,2.4296324606730346,-1.047677983979831,70270.0,318.11,1
-0.3767963574388329,2.4133063750405497,-0.5465744410095681,70536.0,824.83,1
8.795201056186581,-3.455781933664133,-0.48646741841656427,70828.0,0.76,1
-4.210268854838299,3.8956700574218734,-1.8988194193045145,71033.0,426.4,1
-4.78320832739962,3.3867720326329662,-0.8996848606604717,72327.0,238.9,1
9.576939463649419,-1.3964858287197837,-0.1638553374986702,72824.0,45.03,1
-0.2090370502324781,2.094514089301837,-0.874287379751107,73408.0,16.48,1
-0.1777570167360807,2.384256526325587,-1.007821087312896,74159.0,76.94,1
-0.3073872294458795,1.609113763839681,-1.0769958002021938,74262.0,311.28,1
9.242758222371542,-0.6697002404291648,0.7532092501818569,75033.0,30.14,1
8.608001185004342,-3.4917733922317242,-0.33486432788627485,75556.0,29.95,1
-10.180786430584625,5.546099436220973,-3.348115533489538,75581.0,124.53,1
-11.539909624029171,4.977826689038512,-2.178821717624958,75851.0,99.85,1
-12.055883078821761,4.556410270493106,-1.2393026728315053,75978.0,99.9,1
-12.3970017605331,3.9975731189735217,-0.2980781418391023,76575.0,219.8,1
-12.918454949637745,3.544367042028088,0.4398528778658868,76826.0,254.76,1
8.554884498048029,0.09912675469706178,-0.5966938756571252,76845.0,1.0,1
8.494290393806095,0.07109696418643785,-0.570512790163241,76857.0,1.0,1
8.480196754295866,0.10813788475559094,-0.5256283825951888,76867.0,1.0,1
8.425046892056029,-0.15275225365788658,-0.37559482064219285,76876.0,1.0,1
9.151063442879638,-0.724141312844684,0.9064515685086791,77154.0,129.0,1
8.536483420675838,0.10087499916345455,-0.5966782399719388,77171.0,1.0,1
1.7682443265241492,1.9995786647714953,-1.4010339956477733,77182.0,1.0,1
8.48003546758555,0.03126447655574305,-0.5856014464056094,77202.0,1.0,1
-13.069478509485396,2.8102274577054107,1.6874100878250955,77627.0,106.9,1
-0.8318001154441408,1.1933344194873463,-0.4147863133098981,78725.0,60.0,1
8.830175817190277,-3.4105276994855274,-0.4540634450765597,79540.0,0.2,1
-0.005744962098583883,2.329352089888114,-0.948287840643314,81372.0,7.57,1
2.354680998224568,1.7116702498871739,-1.2464048359789095,82289.0,1.0,1
-8.10383915562349,6.20741918704711,-4.726844933663559,83934.0,1.0,1
-14.507936101755948,8.785688763160877,-6.8328692811473974,84204.0,0.0,1
-14.507936101755948,8.785688763160877,-6.8328692811473974,84204.0,0.0,1
-14.665701588759628,8.702225427231022,-6.463475123423384,84204.0,512.25,1
-14.665701588759628,8.702225427231022,-6.463475123423384,84204.0,512.25,1
-14.807347043236181,7.174616079143547,-3.804215905948017,84694.0,12.31,1
9.370679690873384,-0.8835004990347676,1.4047741713798083,84789.0,354.33,1
-0.839343622460099,-1.121402951491513,-3.182544840008008,85181.0,2.0,1
-17.639711565596453,6.01234333365595,-1.1533512739970446,85285.0,0.0,1
-17.639711565596453,6.01234333365595,-1.1533512739970446,85285.0,0.0,1
-17.64251917110481,6.026756476779293,-1.134072046376722,85285.0,252.92,1
-17.64251917110481,6.026756476779293,-1.134072046376722,85285.0,252.92,1
-8.556352895465555,5.758464940226766,-3.8483583336088225,85573.0,1.0,1
-9.07815950879191,5.291481456624433,-2.758916882984285,85576.0,240.77,1
-9.57092471473359,4.811181253870011,-1.900581196589555,85864.0,1.0,1
-9.540296906316268,3.990016988648324,-0.4498781080569054,85867.0,310.42,1
7.9204033460419065,-6.1130089273704025,-1.6727528890297105,86376.0,323.77,1
8.777577252060722,-0.4844096469334642,0.6891816120607236,87202.0,451.27,1
9.65525529326008,-0.32748486213178285,-0.20458939799187825,87883.0,829.41,1
-6.814128357913972,3.707727722796964,-4.763344688489196,88672.0,1.18,1
8.90462117092693,-0.11938362445281236,-0.18517411192960243,88737.0,9.21,1
7.093958457897633,-9.698500386244651,-8.139946320388251,90676.0,6.99,1
0.9043559086077781,-1.261896221543236,-3.495949223165047,91075.0,38.76,1
-7.359231905193386,3.248033288754458,-3.8766572924107825,91407.0,52.69,1
8.161876196003812,0.6067321743908072,-2.0148911998397354,91502.0,1.0,1
7.765229056742157,0.5409553778855911,-1.4543683647021763,91524.0,1.0,1
-0.6357398441647,-5.821063759129095,-7.882438445693278,91554.0,261.22,1
-2.151413927900741,1.9962106818977516,-0.47041539553266776,92092.0,18.0,1
-2.756687998386745,1.5460112975706197,0.6032084480979675,92102.0,600.73,1
-28.049926096873893,13.333082101866477,-9.977267245913252,93742.0,1.0,1
-28.808410267573908,13.144758229548762,-9.853835507412146,93823.0,75.86,1
-29.45240439109465,12.878007544697295,-9.36140538782821,93824.0,8.54,1
-29.916405125085337,12.482144492108755,-8.617146344372921,93834.0,0.01,1
-32.17236483336488,10.139425992871441,-4.521410029903491,93853.0,44.9,1
-32.17236483336488,10.139425992871441,-4.521410029903491,93853.0,44.9,1
-32.00162206614178,10.009553007003142,-4.235365206486586,93853.0,316.06,1
-32.00162206614178,10.009553007003142,-4.235365206486586,93853.0,316.06,1
-30.572490564290074,10.398022517858369,-4.837930110120601,93856.0,209.65,1
-35.5003746972687,7.631427368558059,0.2003048643437304,93860.0,78.0,1
-35.5003746972687,7.631427368558059,0.2003048643437304,93860.0,78.0,1
-35.55138822069698,7.683569577207889,0.17645341689816418,93860.0,188.52,1
-35.55138822069698,7.683569577207889,0.17645341689816418,93860.0,188.52,1
-37.06721164827019,5.586687520819962,3.9823705047678715,93879.0,30.31,1
-37.06721164827019,5.586687520819962,3.9823705047678715,93879.0,30.31,1
-37.394556631507456,5.845168520974543,3.715093912170394,93879.0,104.03,1
-37.394556631507456,5.845168520974543,3.715093912170394,93879.0,104.03,1
-32.86945998235393,8.142420389291763,-0.7521402203674536,93888.0,1.0,1
-34.3785704154148,5.325119631974287,-1.715152602094771,93897.0,1.0,1
-34.338045954531495,4.554121765172198,-0.45105145719493955,93904.0,37.93,1
-36.47684131878927,2.0700815139741313,-2.045969970305695,93920.0,97.0,1
-36.42736483396919,1.3691170413716502,-0.5386238795224023,93965.0,11.4,1
-36.8232774911837,-2.4156119927918054,-0.028467199699545365,94141.0,45.48,1
-50.707499076420305,-28.78889249861205,4.437555187053837,94362.0,1.0,1
-50.707499076420305,-28.78889249861205,4.437555187053837,94362.0,1.0,1
-50.707499076420305,-28.78889249861205,4.437555187053837,94362.0,1.0,1
-50.707499076420305,-28.78889249861205,4.437555187053837,94362.0,1.0,1
-40.022200085392896,-8.672285037756133,-1.0644439615730181,94364.0,1.0,1
9.24523420052109,-0.5855131438218633,0.3484304419289187,94625.0,33.76,1
8.438134574600188,-0.15460973917575382,-0.14639128601271634,94952.0,571.48,1
-41.19211619508367,-11.776721075924586,-1.7383702261429528,95559.0,1.63,1
-41.69413448309983,-12.168025067621944,-0.9735836623805472,95628.0,1.63,1
-2.7100589719978494,-2.0651349118320987,-5.336630583492553,96135.0,18.96,1
-5.6628939884747975,-10.212842438253205,-8.901629000775918,96291.0,33.59,1
-5.183672978662694,-11.408881555676716,-6.5210816101626365,96717.0,1.0,1
-42.28135934399117,-12.468712483344307,-0.4526213868438509,97121.0,8.64,1
-42.05749160245631,-13.421034835208212,1.156801728680669,97235.0,9.82,1
-45.293892869390916,-21.379930298156026,-2.9583871969952114,100223.0,2.28,1
-45.670334033999325,-25.170677351186114,-2.277916274764566,100298.0,1.0,1
-4.4404860339157,-2.2885656562123016,-6.6519732646741625,100501.0,0.76,1
-47.506326970932975,-34.267701618171685,-4.419996229601154,100924.0,1.0,1
8.92147735616242,-1.9330060738390165,0.10965948825662197,101051.0,0.92,1
-50.83468756845588,-42.16888512627069,-8.469226392079682,101313.0,2.28,1
-0.09038615718003662,3.129670152366491,-2.465867073827714,101597.0,147.87,1
-53.56190527412663,-53.803217140525035,-12.183060898604928,102114.0,0.0,1
-0.44066533859352575,2.572265489044094,-1.501285409213683,102318.0,22.04,1
-12.13835862736114,8.036588641811514,-7.045339646739379,102480.0,0.0,1
-12.985803058639558,7.860370759135163,-6.6589350202041055,102489.0,104.0,1
-13.422269256897629,7.480049257396958,-5.9424372782199155,102542.0,2.28,1
-54.66513971016403,-56.94986426616429,-12.396009257379303,102572.0,0.01,1
-13.564681405966475,6.775294656989853,-4.6315389615322715,102619.0,1.0,1
-14.065871978272249,6.231377749018124,-3.411552522109627,102622.0,346.94,1
-13.846979436415413,5.266345559726745,-2.017384020338726,102625.0,7.59,1
-15.37896789246101,5.759974984607122,-2.9310965351208482,102669.0,0.0,1
-15.91255026893894,5.41661387525241,-2.0501856885574314,102671.0,0.0,1
-16.41509058607728,4.963090246080544,-1.096278377046006,102676.0,119.74,1
-2.819151368411932,0.16478402780289603,0.45845056256039285,103808.0,2.27,1
-4.646241209734011,5.0882224636851605,-4.584705122387565,109297.0,0.0,1
-5.302342977534169,4.723848201166965,-3.7120072898395833,109298.0,186.13,1
9.194176203517562,-0.5723142148912645,0.3393392733611619,110087.0,1.0,1
-5.231315764432118,3.8575709306699375,-2.1948615042069086,110547.0,0.76,1
-5.131395972604663,2.99090681875598,-0.6309073655571502,110552.0,80.22,1
8.974722084335893,-0.43738385635683386,0.08888175690553779,110617.0,635.1,1
-3.197137274332528,4.0138287471150855,-2.924106212942477,115691.0,17.06,1
-1.800709761069621,3.7487828148001965,-2.7178893905105177,116067.0,65.0,1
-4.9811125407416235,-2.5375722786063974,-5.682012441241681,118532.0,105.89,1
-5.480864775290616,-3.003923286092102,-4.746930240467158,118603.0,105.89,1
-4.1692680462209974,3.954083479192314,-2.847678258491232,121238.0,144.62,1
8.889026701342177,-1.1840872470711323,2.6842579252293337,122608.0,2125.87,1
-1.0582060349395466,3.292447078962745,-2.293973994982565,123078.0,11.0,1
-15.651848829491591,3.698322054170232,1.0899701775990436,123525.0,45.51,1
1.3188900975033482,2.298289477804116,-1.6984167028815491,125200.0,40.0,1
8.655638851772613,0.013747758079722283,-0.4854168896204225,125612.0,3.22,1
7.607796792266712,0.014327200914302951,-2.5131375614898355,125658.0,0.0,1
0.7538009371909933,1.953111819583898,-1.0894153106012017,126219.0,25.0,1
-0.5938559073923333,3.5301857711951845,-2.9854148863352696,128471.0,67.9,1
-7.058865561777207,2.308605811163224,-2.15800982853247,128519.0,93.35,1
-0.7123442425431428,-6.42849868247311,-6.639481772073406,128595.0,1.0,1
-1.950906108930134,2.1562359687437485,-0.43845667214468453,128803.0,175.9,1
8.923584198506695,-1.2288653122392625,1.6553693726220873,129095.0,720.8,1
9.156589672396763,-0.732694060930908,0.6251300050795746,129186.0,7.18,1
0.3935898077406055,3.3401519967042175,-3.3057946854297855,129222.0,4.87,1
0.2057696214232596,2.6479095571943327,-1.943233239980499,129308.0,80.9,1
-0.06779872224760375,3.74446410162529,-3.980203962339786,129371.0,0.0,1
0.28139275876428194,2.637487292625985,-1.8385903151031655,129668.0,2.0,1
-3.048875513381395,4.183869980951448,-4.03850385518979,129741.0,1.0,1
-3.6181878260920737,3.6915762048065464,-2.9327233609977528,129764.0,362.55,1
8.983466587402276,-0.4097463524158934,0.5168732683134939,129808.0,276.17,1
8.639218894864976,-0.2656920830155509,0.3449866731449309,131024.0,723.21,1
8.723812842545309,-0.4467246251406386,0.5179538119914926,132086.0,480.72,1
7.194109536803331,-2.3569139648711186,-2.4300905282954233,132688.0,1.0,1
0.7884243421896713,2.4994400199716345,-1.2026622858703198,133184.0,1335.0,1
-0.024488182179400297,3.764267786935898,-4.001051926982994,133731.0,0.0,1
0.6578517657547849,2.356502455230548,-1.216461579512986,133958.0,130.21,1
0.32419236789873196,0.11243773333095874,-3.8953149989313083,134766.0,1.0,1
-0.4003656706883998,-0.3885152482879254,-2.3843011580746225,134769.0,925.31,1
-0.030871763132282126,3.734898646772221,-4.048074821289983,134928.0,0.0,1
0.5532437368035694,2.339574872207916,-1.1229650944056149,135095.0,345.0,1
9.265376876826732,-0.49927232083070905,0.6172740083070599,135102.0,108.51,1
-4.142700377491158,3.0897276082513674,-1.3342202459161816,135314.0,84.28,1
-3.835081317337931,4.458670938798716,-3.238153210074584,137211.0,39.45,1
-3.898061952341127,3.6942853766798303,-1.9012696302047376,138894.0,0.01,1
-5.0284332153720275,3.5638558725768235,-1.4117751100032525,138942.0,727.91,1
9.221714587742023,-0.6598865686745599,-0.22769326027653936,139107.0,22.47,1
-4.18733958144986,4.530099488224356,-3.451449650911969,139117.0,8.3,1
-4.080377206912921,4.696917950295337,-3.485325923117272,139767.0,120.54,1
9.123583712592486,-1.6632696041399022,0.5946971428963927,139816.0,0.69,1
-4.758556687011749,4.173997120846568,-2.0486505771359127,139951.0,723.21,1
7.178582290306759,-0.5414276218323011,-3.128890406218628,140293.0,0.77,1
-4.699888426938742,2.999308671481023,-0.01715861644461869,140308.0,592.9,1
-5.19459185684404,2.4965010334616187,0.77384873918921,141320.0,195.66,1
9.169942825183876,-0.7093783263930764,0.9173050339620403,141565.0,4.49,1
8.2679981787998,-0.03367834734757036,-0.7991924212890293,141925.0,0.76,1
2.949904287147051,1.7231196958881845,-1.8047438150767594,142280.0,324.59,1
-4.6451196457419055,4.081483390874878,-2.337533257010076,142394.0,320.01,1
0.5317906566819879,-0.4006937426613143,-3.1251309508949197,142409.0,2.0,1
-4.563363627915665,3.1236210776468054,-0.6925762143165681,142840.0,144.8,1
9.32702464263021,-0.6768920044725033,0.5599396951043922,142961.0,0.0,1
0.6760915757250441,3.1512164214320952,-2.980239829846366,143354.0,1.0,1
-5.7557053540753795,4.286539701595405,-2.8092346945600113,143434.0,1.0,1
-5.597593742995757,-0.11434096110498237,-1.030735004408277,143438.0,8.9,1
-6.451141380163481,4.03957323279896,-2.193240588501518,143456.0,1.0,1
-6.691324920209684,3.230590949518433,-0.3373274971284346,144808.0,667.55,1
-6.980139695781862,2.4827918289613553,0.7131978039477187,144839.0,0.0,1
-2.645968352394032,4.4459933222899055,-4.190934047851764,146022.0,1.18,1
8.09373705964649,0.4788817587750396,-1.2115030936983395,146026.0,2.22,1
-3.78322660397205,4.5864146843434925,-4.356545461010754,146179.0,0.77,1
-3.234913415537852,3.319635959495044,-1.8369053343157085,146344.0,94.82,1
7.9563108417876345,-6.177321234960599,-4.719321826272238,146998.0,8.0,1
0.7231667183882529,1.9859953372631924,-0.26461434859280075,147501.0,996.27,1
-5.28162022361899,5.544267063515256,-5.370803262766658,148028.0,0.0,1
0.48664940690449043,3.335671791489929,-3.3813339959339537,148053.0,1.59,1
0.48664940690449043,3.335671791489929,-3.3813339959339537,148053.0,1.59,1
1.5146684383349962,2.3551969801814145,-2.315882211814305,148074.0,0.0,1
-4.337827544059671,3.9687988071165075,-2.487608350586216,148468.0,0.76,1
-5.250020955882233,3.8507823726877115,-2.4323235906567655,148476.0,0.76,1
-5.683780042094154,3.375676795185689,-1.337054680235276,148479.0,122.68,1
-0.025158426669936063,3.764188769021641,-3.9986276891688037,149096.0,0.0,1
7.839280696532582,0.43926434503535994,-1.177993487370791,149236.0,1.0,1
-7.17266692685137,5.3254790383401405,-5.501829019329248,149582.0,1.1,1
0.3240330543419283,2.6572119600223525,-1.8570140419321997,149640.0,2.0,1
8.861178437285059,-0.0914039309831991,-0.1847610151025716,149676.0,17.39,1
0.3454182506211527,-1.4863482864949429,-2.7998888221011047,150138.0,50.0,1
0.9089014665455668,-0.25112751641719255,2.7487813155363527,150139.0,237.26,1
8.46585309097701,0.09401512170472293,-0.7132137905137377,150494.0,1.0,1
2.0766200302698694,-1.40383842412199,-1.984570750083637,150949.0,9.29,1
-5.153389618883516,3.0910287189707484,-1.3148616594033806,151029.0,10.7,1
-8.060978344112208,2.333998018916157,-2.30636852412493,151916.0,0.01,1
-8.374352471634257,1.7825007414764142,-1.1759569971408956,151972.0,57.73,1
-8.596421205201839,5.847832735785006,-6.610218943354229,152036.0,1.0,1
-9.214464602092338,5.5280681559624645,-5.87856140211298,152058.0,1.0,1
-9.678197118467288,5.085143888290676,-5.006825965555712,152098.0,1.0,1
-10.141901506690665,4.642221587883812,-4.135065745040743,152165.0,1.0,1
-10.605581785069862,4.199300973704062,-3.2632842811334895,152307.0,1.0,1
9.480920944714711,-0.5650385606856861,0.3409087457310599,152710.0,2.47,1
9.003203473994132,-0.41885291946357606,0.6187432730718349,152802.0,357.95,1
-3.182130060909163,-1.0180245185792498,2.721034037879172,153653.0,247.86,1
1.0157232832069365,2.8515491376827944,-2.242721497325978,153761.0,51.37,1
-0.5483402983187169,3.3253965906820913,-3.234800242423603,153875.0,0.0,1
3.125180867030835,1.3955858045240723,-0.5994336838960779,154181.0,0.76,1
0.47384379848240243,2.625229294102204,-1.2818836574714172,154278.0,1504.93,1
9.232304553615716,-0.9881941865988566,2.0364696959952124,154309.0,1096.99,1
-0.09596890811269532,2.0224484512750442,-0.37303516017383687,154493.0,35.0,1
-4.706499518701447,5.32005540504659,-4.730195007767911,154599.0,6.74,1
-5.861129533869006,5.4583771340260965,-4.949618849701357,154657.0,0.77,1
-6.368453736782152,5.078706047821085,-4.071025154432273,155054.0,0.77,1
-6.8318873393574755,4.63583135705971,-3.199231795095625,155359.0,0.77,1
-4.245218065443462,4.88302988515324,-4.061357417300775,155535.0,3.9,1
8.637825208500805,0.06425494107615481,-0.4545886717434746,155542.0,3.14,1
8.58783363514594,0.06305648460380908,-0.48413956384058654,155548.0,7.06,1
-4.854605056652922,4.5253605467845235,-3.2174862044651285,155554.0,94.82,1
-6.189525522217556,4.841636242597341,-3.9709694016142496,155662.0,0.77,1
-6.86478225469148,4.599383102355014,-3.3037583936445882,155965.0,0.77,1
9.261664560882398,-0.6636037102881513,0.8197065955803613,156685.0,187.11,1
9.434839070677585,-0.5127292801544175,0.2598137264206333,156710.0,7.59,1
0.4737753505074114,3.342425326056796,-3.3020174681400825,157207.0,4.97,1
-0.6632934343001473,3.475517262526709,-3.4900092532889238,157284.0,0.77,1
0.17244365765633596,1.8991366631682198,-0.2198901178890622,158638.0,296.0,1
2.4286615386714896,1.8973104801494602,-1.7241277685019336,159844.0,45.51,1
1.1391447711540597,2.004953231290426,-1.8823267975235483,160034.0,4.9,1
0.7159224614593018,1.6056253433375884,-1.3020985288569877,160243.0,156.0,1
-6.589033813968932,5.9712041408580605,-5.311063913399751,160537.0,4.69,1
-7.726586294531781,6.111340213730945,-5.476818438493101,160665.0,0.77,1
8.975526827212828,-0.3074310781326438,0.22364064856544363,160791.0,1.0,1
-8.211380938240254,5.705857773072989,-4.596960481784842,160870.0,0.77,1
-6.726196101282127,3.6696471995610676,-0.8733572934593521,160895.0,127.14,1
-7.829416258371708,3.7251120774249973,-1.2539128363354821,161154.0,0.38,1
-5.6490667941977115,-0.09897258192297209,-1.0027960536531368,163181.0,39.98,1
5.034426572125643,-15.964091364519568,-6.399095458945828,165132.0,12.31,1
8.888282133665333,-0.8598855996001462,0.7024632612628425,165981.0,0.0,1
2.9834363019378234,1.212617403976954,-0.474092071929451,166028.0,39.9,1
9.397174622893314,-0.6541924172522167,0.9288673092820097,166831.0,634.3,1
9.279701781879641,-0.49581011983576706,0.7024128740554445,166883.0,19.95,1
-0.06560704078789215,-0.6167728588611033,-2.248893804491213,167338.0,349.08,1
-2.4334267474019917,3.3445252534724403,-1.8167598712975812,169142.0,390.0,1
1.2277496186438768,2.699444671619747,-2.023545239369473,169347.0,0.76,1
1.2589954458878205,1.8668773986396339,-0.5081667357865123,169351.0,77.89,1
-3.005225491362845,2.801728142195901,-0.7846547234963881,169966.0,245.0,1
9.15788818884332,-0.36759450217386724,0.42911213772603285,170348.0,42.53,1
9.078283653821014,-1.2315878096245254,1.97849507250704,88967.0,1.54,0
5.501650956310037,-10.004162845150937,2.1853142986391525,80998.0,99.99,0
9.267725342578462,-0.6835788179670699,0.8139768431901868,63469.0,3.59,0
9.72478776097597,-0.7921812780912576,1.1417810526817824,81004.0,1.0,0
9.373740626678753,-1.402022554427194,1.7022164236654524,67480.0,1.0,0
9.527339692087478,-0.6151165078213928,0.2917035604541538,151943.0,3.65,0
9.581324034597031,-0.7878204381713012,0.9931351175785662,41371.0,9.99,0
9.35411732479442,-0.8057829580147697,1.2921672274108835,120983.0,641.8,0
9.547686446645699,-0.6693007743936745,0.4357413095358581,124969.0,10.03,0
9.295116509993237,-1.0432718198419197,1.2072817871453554,43191.0,239.0,0
9.458863519454033,-0.7788263961510158,1.0804650995067842,65443.0,155.7,0
9.485013384449339,-0.8117805859262334,0.8594459100070189,19908.0,10.0,0
8.747223882564182,-4.456973060373281,1.7792079707197557,146447.0,137.91,0
8.910612608633457,-1.5849952040771234,1.852782634610125,131406.0,163.52,0
9.504398139805517,-0.7448160555962344,0.8445354833142271,40536.0,0.89,0
9.64923084120158,-0.7283072232320885,1.1266558382823337,159537.0,2.95,0
9.414937532420076,-0.8907000150553301,1.0164898700662583,99584.0,4.99,0
9.658952524932158,-0.7942519728401917,1.0591728272677372,136487.0,34.0,0
9.644163572556282,-0.7438057260275694,1.0980287365775816,54502.0,40.0,0
7.433448833281496,-7.187528273556497,0.38114377101897934,73678.0,1.0,0
9.476909528577137,-0.6494693358220829,0.9176782175843016,125780.0,63.11,0
9.268345252901277,-1.1460915544449861,1.1339237589061817,81787.0,9.99,0
9.525803229308243,-0.839533158036182,0.8694116241026375,12030.0,17.85,0
9.173786934419452,-0.5973686636536131,0.5652565720524854,58771.0,0.76,0
9.372182630314805,-0.4742338399888626,0.5079377179737046,160847.0,52.7,0
9.553135235449163,-0.8991675877724494,1.2327693682145793,166543.0,1.29,0
9.092788500226645,-0.8330814038570491,1.5813178317521142,54868.0,1514.97,0
9.56435617161909,-0.9599874670625987,1.1637479387849259,162546.0,1.0,0
9.551932493651822,-0.9198891953322469,1.1761725696977867,151765.0,60.55,0
8.9300899195096,-1.234536863046388,1.8855126016051358,158572.0,133.15,0
8.53623286555644,-6.435154727630121,-1.0513067981328643,66535.0,26.9,0
9.551838364263235,-0.7577185135664535,1.0221931027082092,28212.0,0.89,0
9.57388748404421,-0.7660771884569528,1.1816680310644558,163673.0,1.0,0
9.661355545710876,-0.7894004882869234,1.2315692671409701,120083.0,34.0,0
9.522591887521257,-0.7244487888098674,1.1257313790032397,165179.0,115.4,0
9.495247336505363,-0.757635067051976,0.8742411633952226,134813.0,23.84,0
9.503388667768256,-0.7677337465174794,0.9567415819510439,33768.0,87.0,0
9.76227267393082,-0.9109108412788525,0.8851524275450973,56800.0,14.03,0
9.525622672010035,-0.7089415105020889,1.0868812072288556,142025.0,34.9,0
9.40307701173084,-1.0221954474063077,1.0584401615533976,7278.0,40.0,0
9.458235146939424,-1.0326101165535855,1.1483330379613483,99883.0,11.99,0
9.439034388780142,-0.9279502300792359,1.6088406496168375,121537.0,646.38,0
9.611993385712003,-0.8533305011270921,1.2135914228910205,51107.0,55.0,0
9.423698367005983,-1.0708300132439328,1.5954031668601574,157680.0,11.99,0
9.50787582278716,-0.8650721581275254,1.1692788232889217,121856.0,15.0,0
9.456867217507634,-0.7090032996146595,1.009943845335487,80358.0,33.31,0
9.559281873053193,-0.9271040084345958,1.0971385366815363,76297.0,16.65,0
9.507328244363444,-0.8912067961236964,1.41957688502579,57749.0,389.0,0
9.194476164518047,-1.286205467128771,2.0290340361764954,156245.0,186.0,0
8.913600857339423,-1.6801958413133127,2.748815204623032,35445.0,81.89,0
8.540282670924636,-1.7201216116527172,2.4241206004615936,42352.0,4.78,0
9.528796469673253,-0.82662276113985,1.1896199848919635,150877.0,167.48,0
9.494121652525513,-0.8894416441988636,1.0865308993692164,31548.0,59.99,0
9.17495180256181,-1.2494637850330412,1.9067847474806097,153866.0,0.99,0
9.625348089788163,-0.7463724322504884,0.8791049840260529,47905.0,33.74,0
9.649939738374485,-0.7562093960941729,0.958571671188873,29876.0,2.49,0
7.847075536144846,-2.5257083826205156,3.5747333100063,17771.0,1.86,0
9.485989101405377,-0.647256429665802,0.7061951904252333,54685.0,3.3,0
9.222271952981385,-1.278635674937036,1.9081025316091278,77021.0,9.1,0
9.528277488596537,-0.8946484009674774,1.2362954821443066,126713.0,96.72,0
9.667850716647154,-0.9212719097400401,1.5188261037282345,69068.0,178.09,0
8.816569663243431,-3.4283084843221734,0.11994743664523888,156452.0,12.99,0
9.361390442439776,-0.7311450184271122,0.8010345931456027,128409.0,1.29,0
9.564356257721983,-0.7411825551129922,0.7987624332993848,50535.0,51.53,0
9.647398305842247,-0.9338903139859911,1.3558695658043594,133401.0,135.85,0
9.388972822904957,-0.9650212921164236,1.1331386374966026,72975.0,5.09,0
8.87392021764541,-1.8545569892722742,-0.9184593770620089,146559.0,9.34,0
8.830997502846637,-3.5099695442343024,0.4552731344861789,71703.0,57.0,0
9.712564845368643,-0.9810311720966622,1.5123917262503717,36935.0,134.99,0
9.592111239624524,-0.7390971604673717,1.005027494054092,67255.0,1.29,0
9.547190641106589,-0.8750758885283135,1.3406189666005985,81863.0,369.0,0
9.496897972673777,-0.727295426359595,1.0939467760883161,113053.0,1.0,0
9.644415035993177,-0.7940409267603716,1.1128808180513623,2109.0,26.48,0
9.24912350681999,-1.6440204091832598,2.0566488052478356,85105.0,63.7,0
6.386232069086447,-3.9250827763513567,6.35222651934062,37718.0,8.55,0
9.315474859963892,-1.5154580457175872,2.325614938340835,82403.0,201.65,0
9.552047186914542,-0.6978693683272513,1.0552450188972777,152581.0,3.66,0
9.53652759506001,-0.7997149874249992,1.1677639978592187,57285.0,200.0,0
9.581907817218841,-0.7173591020902154,1.062231237236534,72344.0,2.5,0
9.41775579848314,-0.8286281727683449,1.1323203575990928,75452.0,1.29,0
8.80936323249772,-1.7833634792966497,1.7317583927916016,151850.0,3.78,0
9.550864912216548,-0.7258507168408708,0.9568498381734867,79888.0,51.94,0
9.662742237358081,-0.8777273643379135,1.3870717344229437,115161.0,125.43,0
9.391612548019909,-0.5825738048607851,0.5789957559349644,128461.0,0.0,0
9.036733779304807,-0.9064130678406204,0.926292436651917,148186.0,185.09,0
8.994472527278598,-1.1332684199958205,1.7328704125303833,71687.0,14.55,0
9.536466054807967,-0.7181403605877958,1.1067671209097925,149246.0,45.68,0
8.10499775282518,-1.9543085086077576,3.044557653430132,145274.0,0.76,0
8.351816217485394,-1.3091612564504733,1.9649531482122091,139641.0,12.42,0
9.599381370162224,-0.9048371648577556,1.2586530991568199,64049.0,43.5,0
9.315783821538348,-1.0135444411975958,0.5998750739426243,5883.0,14.95,0
9.039501826024166,-1.104481474940784,1.4218405412936668,66717.0,34.8,0
9.658711090801669,-0.951100647806773,1.4863329726779813,49246.0,185.48,0
7.096206684115119,-9.210574618095134,-2.6180307488946335,123407.0,10.59,0
9.629388150963194,-0.828233437154711,1.184066928595707,154942.0,60.0,0
9.872038186464845,-0.8147782850143651,1.0597070363478394,135851.0,65.98,0
8.472896588626597,-2.4580147664900824,3.5425049596039218,85339.0,7.61,0
9.536182347224122,-0.8199760671428922,1.3688308412684498,37989.0,306.0,0
9.516861873179984,-0.7130258696253882,1.0111103519845464,78625.0,17.67,0
9.459914869889968,-0.9124766472765804,1.1372785425626373,61080.0,46.77,0
9.04612732175614,-1.2340356415092981,1.949938241125507,166852.0,1.98,0
9.667269946542836,-0.8105310211398588,1.284773446455563,114810.0,73.39,0
5.854420772741042,-2.618668772088127,4.9235477616058025,69132.0,0.99,0
9.2436904348528,-0.7780281831408207,0.8277886112890162,5702.0,7.14,0
9.438592837418323,-0.8914619893078111,1.1962344801658422,39309.0,11.44,0
8.395918707414047,-1.5538598201201665,2.7170278120428635,166650.0,26.99,0
9.378134274225578,-0.6587624207550807,0.7429350269919652,38105.0,14.95,0
9.560391492438596,-0.747864182532713,1.0161627419990615,146610.0,0.99,0
9.465773775674116,-0.7510076985608125,1.0171491865606495,158059.0,77.39,0
7.975290055419408,-2.559068207402211,4.114052076128569,168223.0,1.31,0
8.948630454387501,-2.1526221284956395,1.6173636412587995,60067.0,3.84,0
9.54862429813381,-0.8340523607356332,1.3084662754981844,37794.0,339.15,0
9.843211455563694,-0.9122975869761938,1.1421597804484012,122881.0,31.23,0
9.303074825577115,-1.1280554842250499,1.0141483736617998,90603.0,12.21,0
9.524006381771342,-0.9995833975651824,1.195069883230623,41656.0,3.59,0
9.566137470645055,-0.8613484292101916,1.2587868672332017,143122.0,145.2,0
9.398962713530281,-1.038887017364261,1.3087067678706095,162555.0,278.38,0
8.674959199505274,-1.4597633850997678,1.6602790042155846,83848.0,33.03,0
9.44514587724555,-0.5624147354032976,0.78601423050853,131796.0,27.0,0
9.532519876278618,-0.7162735034959942,0.9920488013638268,130932.0,19.7,0
9.025301466642647,-3.2543098522262914,-0.1707471089260375,159429.0,8.08,0
9.542476239371405,-0.7908719916228386,1.166985098205731,68149.0,134.0,0
7.34529529454915,-2.721663756451493,3.9553890723022898,136489.0,2.0,0
9.612426878695025,-0.715684804622375,0.5633664365282437,58504.0,15.66,0
9.4477059957664,-0.5998594150924396,0.6075599548715749,165753.0,1.0,0
8.509813801785482,-0.6795880124334568,0.767459953492837,148463.0,0.76,0
9.6735619861676,-0.8167130833051639,1.1052434809908083,70631.0,0.0,0
9.546258005134522,-0.7631378826237892,1.0007389215026194,146061.0,49.95,0
9.6033669672224,-0.784706039997688,1.1452757687315187,118996.0,49.9,0
9.11215972739456,-1.1452362037644968,1.8452974446726753,69543.0,100.0,0
8.243636257150671,-2.064923483055273,3.207507489535851,30431.0,0.76,0
9.109840641020138,-1.4616969659506118,1.9155167600462981,156015.0,157.14,0
8.802086218648165,-1.8010677566085125,2.65103611104099,123100.0,49.83,0
9.989888138226421,-1.1346649524154215,1.5179420805313737,160019.0,9.33,0
9.517387134984926,-0.6744341836183768,1.022774039376913,136090.0,0.77,0
9.411605932441022,-0.7546284196128976,1.0060785171190092,63169.0,226.0,0
9.672926589618118,-1.293197965097799,1.6153218406291068,102307.0,158.66,0
8.708770661551481,-0.909340511285116,1.2001648215406642,66768.0,1.0,0
9.728578552327749,-0.6720244392870556,0.33707309844741773,53407.0,4.99,0
9.461506316695047,-0.7386273689405964,0.5482151655926215,18486.0,2.78,0
9.607093358346074,-0.822795793967702,1.1646158781341969,32699.0,69.99,0
9.685803913109076,-0.8075681467685095,0.9782327864527399,163629.0,1.0,0
9.581592298127136,-0.7141191243372569,1.06101344488879,159408.0,0.99,0
9.51070792637558,-0.8500506089044502,1.2016739121164108,75924.0,111.0,0
9.466354923173057,-0.95754048778014,1.070971566908314,153443.0,0.99,0
9.691954176162895,-0.7689441306800366,1.0807912059072964,27980.0,5.14,0
9.407246070341136,-0.7861857730916704,1.0560206531982266,83850.0,8.99,0
9.61337121812082,-0.8246551218403999,1.1432072606445796,75381.0,20.0,0
9.617363486825992,-0.7932751442391731,1.2424810996439897,172148.0,49.99,0
9.549998148837359,-0.7802287586619668,1.1029405092342315,73765.0,111.12,0
9.325203799055519,-1.3890070432621395,2.1374965104276535,84459.0,1.0,0
9.491263296540476,-0.8982644483511779,1.3105783397338966,168178.0,3.56,0
9.56247881588487,-0.7479009475905893,1.033120462480368,79284.0,1.0,0
9.462855687758996,-0.6776685751787551,0.9063668365477717,165687.0,24.0,0
8.999023107118235,-1.2321957191979769,1.911380837918931,48482.0,22.72,0
9.276554010685224,-0.5162911585875073,0.20101295336660074,167528.0,29.9,0
9.63955160099633,-1.1293059224861166,1.7177081185632086,137332.0,242.12,0
8.83897713248474,-1.8306633065977806,3.2295347588152286,64804.0,53.65,0
9.473655824272567,-0.9758738990569484,1.3405261493180516,56092.0,1.79,0
9.50727017622523,-0.49750269897628185,0.41798639288011974,126758.0,19.95,0
8.966611450459789,-1.1661226784320173,1.5095499629798659,8018.0,96.61,0
9.133682390184427,-2.414505254271865,0.7612654066974537,37248.0,14.18,0
9.455993288199263,-0.7565428479684061,0.5706184187516139,82031.0,15.13,0
9.183703544260162,-1.2025606436801781,1.8413915120096538,158938.0,1.0,0
9.62318165970792,-0.7963266311787829,1.0970336478406293,66567.0,2.0,0
8.856134634937991,-0.18600112061638419,0.09848410666780438,163266.0,0.76,0
8.764854551862827,-1.2485144386289646,1.9160206352540872,51746.0,2.99,0
9.591746047378447,-0.7133521639353989,1.0174847860984784,42326.0,26.0,0
9.16097441931094,-1.2821687464905311,1.9193551773897015,166351.0,36.76,0
9.514282319168665,-0.8617400991649968,0.8151516053229653,55869.0,232.48,0
9.311017913912055,-1.8489550579795457,1.1889586471547582,61982.0,38.34,0
9.036649627975173,-1.4571630170175243,2.3415882536918593,53252.0,102.71,0
9.544121551019886,-0.8053633132516327,1.032108219119436,34251.0,44.95,0
9.648156644414255,-0.791971869198445,1.1940721828758285,151286.0,15.0,0
7.200013785292095,-3.009704454543332,5.090526167199481,66324.0,139.96,0
9.723366894739325,-0.8102740691014482,1.179460903234906,135403.0,70.08,0
9.316236076080603,-0.5400957109832457,0.7583068546942419,145081.0,17.99,0
9.507302642346717,-0.6624171372111336,0.9390844623288532,157578.0,1.0,0
8.61217300725917,-1.8107828799630374,2.539381427150646,143347.0,196.8,0
9.327054911873574,-0.7548764173698437,0.8058813022680651,102533.0,4.5,0
8.430983437953408,-6.556316379100295,-0.8979729116886952,161661.0,9.2,0
9.025511360622934,-1.3972451013636633,2.126385900399979,7718.0,241.17,0
9.464817388873335,-0.6916329307774247,1.0576234146320658,135304.0,82.39,0
9.527455396237626,-1.2696839937538824,1.9502487295610487,87627.0,5.0,0
9.056919222775333,-1.1354458479632867,1.7874686368479522,61703.0,21.99,0
9.565854097687003,-0.770921714637979,1.0210712760422276,77699.0,90.0,0
9.121968023366964,-1.3706029963447783,1.2538361485642788,139076.0,1.0,0
9.622430561473319,-0.7860061418534834,1.2016360852263834,49916.0,40.0,0
9.52165983781928,-0.815917177619077,1.125846880444008,60237.0,45.88,0
9.133086814297561,-1.244728428709716,1.6522702299699619,54332.0,25.9,0
9.411587983317649,-0.6933850894976892,0.7627202138257871,24080.0,5.95,0
9.261573884064672,-1.3604528930588649,2.0950064720058323,133873.0,27.7,0
9.690274370511165,-0.9088958456295086,1.2977863870060158,82361.0,50.3,0
9.484066711194627,-0.7573450629596629,0.5651411223892505,97402.0,19.31,0
8.79025614182647,-1.0924138045126883,1.580098787341531,139405.0,151.81,0
9.646016028836675,-0.7641094710012271,1.079444381975716,87028.0,2.49,0
9.681045550534833,-0.9315285795671209,0.9983549432491103,152442.0,82.95,0
9.43676249246429,-0.675739008321462,0.8690014681885322,81209.0,0.89,0
9.586469318472112,-0.765766760914767,1.0760524364630593,121473.0,59.9,0
9.512719532116206,-0.8646610935755601,1.5011730759418076,139457.0,296.45,0
9.61253146171059,-0.90008830138752,1.229179867914179,87947.0,0.99,0
9.449653880174605,-0.6368262667548782,0.9156804566775179,65505.0,9.99,0
9.480336057671074,-0.8073086634046464,0.6427853086284675,30881.0,91.28,0
9.595718940098793,-0.8303252540846355,1.2925159694971433,119943.0,266.26,0
9.502410016372162,-0.7920610746774196,1.2976220840779635,28178.0,249.0,0
8.148919244943432,-1.8486669598894276,3.6328766869447273,2029.0,120.0,0
9.699997687702519,-0.8729350613807249,0.8712528727080227,88833.0,18.99,0
9.581503223294023,-0.819231031117586,1.134463966114487,53128.0,46.49,0
9.617963749477795,-0.7351003571169913,1.0820935532103726,154577.0,39.99,0
9.481123932301557,-1.2246169318674374,0.5981462046461302,122578.0,16.48,0
9.597445878053373,-0.8335657855202089,1.3890745680620695,44151.0,264.3,0
9.614626541566283,-0.7524765814029475,1.0459285408360457,147619.0,49.99,0
9.506252138846266,-0.6914568266037917,0.9830090779475835,146596.0,0.76,0
8.807014052662092,-1.7507277993501433,2.67768474002317,137101.0,89.99,0
9.575182825355178,-0.8889074377867378,1.2240959144975452,114517.0,2.69,0
9.459890941075194,-0.8701247822935356,1.2794875150273752,35801.0,209.0,0
9.609689715535106,-0.847921925018364,1.2091677876872753,35854.0,115.76,0
9.619887268422724,-0.812513634671503,1.2384636267876639,157148.0,203.9,0
9.808223258287123,-0.8393357475563481,0.9991811551812092,80874.0,24.99,0
9.524896528767776,-0.9408031879181663,1.3128420718847646,138070.0,117.0,0
9.43518869662342,-0.5648529780055118,0.7298548703282288,167632.0,0.99,0
8.990792992803337,-1.3990779344264985,1.7302215053791998,159494.0,8.95,0
9.284101721836244,-0.744783294801826,0.7219497680191989,22435.0,89.99,0
9.354813605620883,-0.6762004307849006,0.9588912433592776,145329.0,1.29,0
9.553069547661694,-0.7083519602848423,1.0866505971869307,142554.0,35.03,0
9.557134543939336,-0.7531739611167075,1.1611135568573832,137819.0,240.0,0
9.159128838368307,-0.4946547752447359,0.5202798487229569,65115.0,60.0,0
9.531898879196966,-0.796583978284363,1.1303602537404829,164239.0,79.99,0
9.593935964807871,-0.8364417208133466,1.3608072334634214,148920.0,73.26,0
8.664226285621089,-6.330485536303124,-3.143526956241728,73885.0,33.49,0
9.52414963874955,-0.7529092560730146,1.1200927438924104,131915.0,12.96,0
8.494708096236238,0.1211389900367088,-0.6165107065268081,164702.0,75.79,0
9.649231691571943,-0.8262803293784668,0.8931632067175638,166687.0,21.74,0
9.542396091060395,-0.9143629132848655,1.1130328600144423,40974.0,1.5,0
8.962673302535448,-1.2013866449271742,1.785091213804217,61347.0,252.0,0
9.506765569984701,-0.6820070239244975,0.9243391562509502,49816.0,0.72,0
9.565225322056516,-0.778883756892206,1.1798970017294441,76201.0,149.99,0
8.182322523998298,-2.1328733326317444,3.3930732995890276,79499.0,5.45,0
9.272976419720868,-1.337265537643989,2.190468954548853,126491.0,10.0,0
9.393326985980096,-1.3905626975247802,2.1837583238519405,171654.0,79.65,0
9.6670180471022,-0.7337623056124309,1.1130258345012396,154541.0,11.63,0
9.526388966663074,-0.7287455417642681,0.9785478647644977,1250.0,71.87,0
9.595152814880654,-0.8793631953171753,1.322033813018453,162294.0,260.0,0
9.364737397340292,-0.7210653763477193,0.8894817328072155,119533.0,33.85,0
9.6530524271229,-0.8016776343707643,1.1399669410163369,54292.0,43.25,0
9.239506824454294,-1.7381984476371422,2.728116847339206,146591.0,23.67,0
9.441511458142054,-0.5586401069144523,0.5185611133320763,141763.0,6.4,0
9.143009816593695,-0.7991430105850843,0.7329071696424589,93787.0,70.94,0
9.605781130655215,-0.7714586826660665,0.9657312771908986,34969.0,16.95,0
8.119683049918732,-2.0202171910817626,3.0880293847474967,163066.0,1.46,0
9.89751164502682,-0.8596593731472425,1.1806918085307267,34590.0,41.64,0
9.372264863756001,-1.4716188506332033,1.8856151651028363,128938.0,58.0,0
9.659960785937637,-0.9138663142068197,1.5371971953977617,124584.0,276.55,0
9.514776672118982,-0.8646586181196353,1.0627096172125219,26494.0,50.9,0
8.88031335700804,-1.4836501361351808,2.2727708769803128,118240.0,0.89,0
9.218065829252504,-0.46147495990223986,0.44047312704900554,70261.0,1.0,0
9.663329911624759,-0.7893037221755064,1.2015464851479305,151876.0,6.0,0
10.082278051972219,-0.47754019314757934,-0.49452678867317323,123599.0,3.7,0
8.955692863969082,-1.2318150322028634,1.7023104100406494,143707.0,6.49,0
9.404165845514527,-0.9557535020016351,1.8285515600250353,157524.0,765.0,0
9.426366973718267,-0.7705152467915457,1.0404829031844016,44536.0,2.67,0
9.700647462519635,-0.9298703753193497,1.3750911107902126,34018.0,41.88,0
9.483008471403878,-0.6392717030806372,0.9007089510086681,49805.0,5.99,0
9.412117865287696,-0.7735306452189346,0.4054935508047708,137920.0,63.67,0
9.669744201813936,-0.7947670840689389,1.0291948842206788,2690.0,11.5,0
9.419074296368258,-0.5718948762119291,0.7502561756269329,114548.0,40.0,0
9.537490498211339,-0.7271822652935149,1.1122873256481243,31088.0,79.9,0
9.58992694521732,-0.8347440612488438,1.2386591225146533,128099.0,247.0,0
9.543712939057956,-0.7035534622046138,0.8988763161372141,34745.0,6.57,0
8.395699014516032,-1.5975502000404804,2.2997053280872226,142452.0,0.0,0
9.187760863647759,-0.42063673437320737,0.38111944955585764,153282.0,1.0,0
9.518684339450232,-0.7768669631895531,1.035130320919749,25882.0,102.45,0
8.525847772398228,-1.4795683826890758,1.845054965471324,144578.0,7.77,0
9.59581576628655,-0.9412512495680356,1.3798480195973715,76075.0,44.18,0
9.529536146799664,-0.7629629988015594,1.102055035085204,164661.0,109.9,0
9.409345670920457,-0.8398023653231756,0.858729954282379,12309.0,4.9,0
9.11656356117896,-1.2581134022057432,1.7759138398825378,76356.0,23.75,0
9.54455232529363,-0.6422656318623499,0.5357334552778567,140363.0,7.99,0
8.912503878568685,-1.0242885090645546,1.3348460197708814,166241.0,18.0,0
9.670670189778955,-0.746297262213101,1.1462518944673645,123465.0,19.99,0
8.446235731907912,-1.6858728191176375,3.0407268981598325,50311.0,552.35,0
9.526762260260705,-0.718940303610184,1.0268448373869545,123149.0,29.99,0
9.485010978984551,-0.7260063006626657,1.0086640613365956,37257.0,13.0,0
9.114178225128043,-1.3236455206584314,1.984131804196898,128626.0,0.35,0
10.20927937514085,-0.3781681693329505,-0.3950205275131262,1036.0,5.0,0
8.821225739732727,-2.017662496571834,-0.5924832876799193,164278.0,35.19,0
7.5590742842992125,-4.865019568376713,2.249471030609335,84005.0,91.51,0
9.605086346142087,-0.7968860174126307,1.088812002228304,128433.0,11.5,0
9.260551568651561,-0.5309350921034702,0.74400735002573,128427.0,10.97,0
9.531011176191177,-0.9824424495094775,1.1878434985372484,56369.0,28.94,0
9.47874329237242,-0.7273535656635561,0.9241148877480811,34211.0,10.0,0
7.083132768187191,-2.975654616093198,5.003661851730967,147811.0,13.5,0
9.160608148751978,-0.40174570638783125,0.4589800605079527,78786.0,1.0,0
9.27484497507033,-1.9218177013069169,1.1067820212213046,87297.0,1.0,0
9.360401132081948,-0.517158042228959,0.5579851453206486,168331.0,10.59,0
8.042588483328581,-2.32321796465193,4.385670331248534,37019.0,226.5,0
9.574196019692545,-0.7869878491287956,0.9093162033240367,9164.0,8.14,0
8.535840166653982,-1.964960992054862,3.4368903964915907,67119.0,0.77,0
9.730088673229321,-1.0340008621437708,0.7843107164782108,43196.0,0.77,0
9.357916324804584,-1.5277760195142576,2.5173760104823417,72338.0,6.05,0
9.465133957596,-0.8621366686081205,1.2602562281915994,49941.0,2.58,0
9.444219692967625,-0.7453584556878572,0.9636586861889972,153784.0,21.67,0
9.176730343084277,-1.3414498611848396,1.895413058368581,153130.0,7.5,0
9.26926434438001,-1.2918445717903548,1.8700508580919541,151783.0,9.88,0
9.389251717012371,-0.6529234836405012,0.6496489646715375,122348.0,68.26,0
9.107483121030883,-1.3597906835470992,1.9624117684029954,128507.0,20.0,0
9.56003969024001,-0.8175392415484628,1.2979631221560364,144071.0,257.7,0
8.453752014878868,-1.8662291906216102,2.5552996318740915,74126.0,37.55,0
9.104924970862111,-1.480488659972699,2.5156713637545716,154351.0,21.96,0
9.456274076508178,-0.6733687888859996,0.3915971585503931,80035.0,22.59,0
9.276045212100861,-0.5281434239977164,0.6202755542758451,30740.0,12.31,0
8.074271220562174,-2.067893541249322,3.550482987604717,73394.0,5.99,0
9.613890544325127,-0.8716713139731896,1.3931808379351935,52634.0,29.9,0
9.527035857273276,-0.830416259507367,1.1025045116331713,36325.0,48.0,0
9.504343498045507,-0.80754682554906,0.8044384245883781,9188.0,11.99,0
9.53209203332852,-0.8460240392002675,1.3784043696757657,167297.0,239.96,0
9.494775833484637,-0.7299703381673179,1.0392835605430273,86670.0,39.99,0
9.660663110248663,-0.9347909951077412,1.1726070674170832,38837.0,38.08,0
9.026764121938726,-0.26134299788955717,0.17448332163658575,160949.0,12.31,0
9.730501866087337,-0.869687918877285,1.1685353261492075,149231.0,31.5,0
9.444508040684086,-0.8355432903962268,1.1082155596910772,71456.0,95.0,0
9.534809280107256,-1.2040811262192357,0.5458813307290806,42259.0,42.19,0
9.207620642577314,-1.3296183090914542,2.026392440151858,79254.0,1.0,0
9.40013270203484,-0.7082501623157937,1.0012277435618036,139860.0,180.0,0
9.506000499804617,-0.8163096594230235,1.2456903271075566,126246.0,179.1,0
9.592230852922702,-0.8374298117312382,1.191289419012765,78807.0,28.0,0
8.203803861336334,-2.2331364863009613,3.849551535695424,166646.0,0.77,0
8.81528776390551,-1.3848313535835852,1.667343843300896,100059.0,1.0,0
8.780084582778215,-1.0117026075720308,1.4744642591285184,161563.0,17.48,0
9.552046531265226,-0.8378767959668922,1.0814414621964867,94097.0,498.86,0
9.310174234883297,-0.5442267878362943,0.5334035848566143,113196.0,17.57,0
9.524875538484395,-1.0600266876593494,1.3566870217129745,73683.0,218.5,0
8.889953014426103,-1.126565578742085,1.6269673306102161,136803.0,2.67,0
9.532350552318908,-0.6584877669306561,0.9459689114901768,132673.0,2.0,0
9.858028321233725,-0.6232256044574784,0.2990533291888251,152458.0,2.0,0
9.302556109015201,-0.9643433675468069,0.9981243701106528,50242.0,130.7,0
9.62946858064094,-0.794960967125035,1.1870298463550852,45194.0,6.0,0
9.510374348592345,-0.797122392169767,1.115340097007352,53710.0,109.8,0
9.377293790202781,-0.5269785545259174,0.7320409964645751,122383.0,1.79,0
9.580565273988157,-0.7783339229036879,0.9583578661809778,123302.0,14.48,0
7.879800636269463,-4.742105886088709,1.4322822491352833,85206.0,25.0,0
8.016534175595458,-6.538148919544858,-1.4695973420719464,84878.0,74.11,0
9.531079268340203,-0.7420843695824393,1.0777334566018917,79409.0,10.78,0
9.334195052872444,-0.8042982952129325,1.0624950619048321,65374.0,3.99,0
9.053012490212861,-1.3509481010296454,2.3341922532282995,73199.0,509.0,0
9.57574321066506,-0.7807358273178293,0.9653633175663564,140644.0,22.85,0
9.453739712986728,-0.6540624143614758,0.9318670251050737,165899.0,74.86,0
8.332701727046498,-2.422610344768069,4.372197697971234,34336.0,100.0,0
9.631350538402502,-0.7746320218023333,1.206212751823806,40515.0,58.63,0
9.599535594360992,-0.776416749828753,1.084647887757028,60152.0,26.0,0
9.531925608086267,-1.0186436561902057,1.2350758711359349,116179.0,45.9,0
9.49474458147994,-0.9271270992443321,1.0997993888025217,145869.0,126.13,0
9.147463199088804,-1.282068293032559,2.0452407865701225,130070.0,272.8,0
9.561278032818112,-0.7848303493731974,0.9837056736613985,71634.0,12.58,0
9.391545691937791,-1.3628593078639224,2.0569983566945607,61577.0,31.61,0
9.114168676024835,-3.688181573470084,-0.003264595699128625,53697.0,1.0,0
9.515374769032725,-0.8485307971546401,1.5104982903163637,169854.0,456.75,0
9.543223481934964,-0.9037698110373673,1.1348055802394932,70790.0,133.0,0
9.25768257404555,-0.6237026714669742,0.5730607914647949,132413.0,7.15,0
8.11759534172608,-3.6601019675803714,0.19824415919912775,78986.0,0.76,0
9.579870494931948,-0.7712707467377344,1.2331528554533875,146229.0,70.0,0
9.60733640944341,-1.0431389645188194,1.3724815421783148,121439.0,45.9,0
9.620680413550147,-0.8730946241438747,0.8911522920651191,115514.0,27.94,0
9.635411403425733,-0.7782236328507052,1.050603023814874,55900.0,15.0,0
9.435982233790197,-0.8326047269809764,0.8064032343774873,14655.0,154.04,0
9.53516159486313,-0.8347327809990168,1.2500353973940428,2715.0,8.95,0
9.679531993578076,-0.9914364467501899,1.360704989806692,66511.0,26.23,0
9.569052067920975,-0.8591221259761699,1.2474707958012927,34211.0,136.32,0
9.182771109457361,-1.2290573035420633,2.0180856569314463,155840.0,10.02,0
9.305343806101357,-0.9692870276577062,1.0471547069332627,111499.0,1.79,0
9.812760384469993,-0.8190425024175547,1.110778481419309,168706.0,10.6,0
9.282827297398809,-0.8644256484740017,1.3670067645342583,52085.0,644.64,0
9.38335056542831,-1.5910742822825037,0.6205284691243215,2316.0,1.98,0
8.61459348938325,-1.74313178611476,2.440835391914833,170324.0,7.63,0
9.684373880145873,-0.8963709635274881,1.2912646153109275,84576.0,1.0,0
8.654348998956433,-1.774924735529648,2.980073583768223,33689.0,8.96,0
9.578643255756687,-0.7830987701520626,1.0770597655434195,162892.0,9.99,0
9.269568672476225,-2.9685870869644453,-0.5547581346101293,122248.0,61.47,0
9.60611950738746,-0.8557634709949935,1.3157214263543076,165318.0,239.31,0
9.33657000845045,-0.9241305258208098,1.1450458984270218,49177.0,56.89,0
9.211680078733067,-0.4201220160393916,0.4814905164569566,25901.0,1.0,0
9.32549925043413,-0.882324253778433,0.9475287092888359,171247.0,13.37,0
8.76983506474188,-1.631322183943091,2.357193965452208,60166.0,33.6,0
9.217183989774904,-0.5268573296508504,0.7707978235705223,87990.0,77.34,0
9.361334142036641,-0.9094302191358952,0.8554014038695172,61048.0,2.69,0
9.232743312486546,-0.6631176424114489,0.8249448647533657,163342.0,3.92,0
9.61053092721761,-0.8173720386873051,1.1698356798647156,78588.0,24.95,0
9.471281225432808,-1.029802071849519,1.9605357010354871,38008.0,750.0,0
9.431867313610214,-0.8764745113097908,1.2905132134416184,51752.0,8.99,0
9.737679874829695,-0.7872875403824579,1.2024840945929223,75807.0,24.95,0
9.681317170370596,-1.0006741595870277,1.5159237258929776,29236.0,142.41,0
8.606655193071399,-6.553825026839711,-0.9500217216187659,162426.0,99.0,0
9.6471065332296,-0.8487566603041481,1.1657086062329212,39390.0,4.0,0
9.151754745314964,-0.7250213526201117,0.8603180484862891,140772.0,142.77,0
9.537902406818752,-0.9694134843849638,1.4513260083425827,68260.0,88.28,0
9.635782376335683,-0.7497755018072187,1.1311186800142803,45245.0,26.4,0
9.268972400941745,-0.7134687385720715,0.9440107001169749,158784.0,491.66,0
9.530540708338942,-0.7398194402080462,0.9688836762659114,82615.0,14.95,0
9.573018084778866,-0.7279090246678739,1.033439614728992,209.0,45.0,0
9.675656813859373,-0.6943216150891407,0.909806741769771,41884.0,1.29,0
9.587594797945139,-0.761356078223195,1.1146022148044723,83569.0,172.4,0
9.178288834085299,-0.9046899277826989,1.2220573380138946,129822.0,4.49,0
9.434997821643758,-0.6518445004201943,0.8253640242197542,56871.0,6.53,0
9.454350465890201,-0.9736087898462572,1.4426667430654607,111640.0,1.79,0
9.059646817386723,-1.2867874096247478,1.9125077948804292,144184.0,2.92,0
9.61227736173144,-0.7163601462457616,0.5819377856290103,8942.0,0.89,0
9.28069569545028,-1.1991266215260614,1.6638076910667745,127156.0,0.77,0
9.3423251560955,-0.8095419641688959,1.078250914446421,59535.0,4.37,0
9.578225952693797,-0.7627708075546056,1.046557295027729,66219.0,9.99,0
9.349187330729116,-3.648470729862462,-1.2686051360650332,1189.0,4.0,0
9.655038981710524,-0.7540959563737283,1.017400688296008,83993.0,8.7,0
8.774203373072082,-1.4569176499128953,2.2513378203972687,157494.0,80.0,0
8.865111539270128,-0.18184855905925412,0.09460542733537491,167510.0,0.76,0
9.564003990833449,-0.9764255887495761,1.1318313838100535,165215.0,2.2,0
9.450394613198542,-0.6334472968179687,0.7971154776115,38591.0,10.62,0
9.176588866625373,-1.3573835136641033,2.195188030285755,58453.0,176.95,0
9.757588305506442,-0.8688733382912627,1.0166405990071623,122031.0,23.72,0
9.02867952454091,-2.519367831148478,0.39658831942076367,45826.0,573.75,0
9.215375288349334,-0.5200622631219872,0.8026411963809534,125036.0,205.0,0
9.549268179111706,-0.6574845484796676,0.7278902016399807,59589.0,37.8,0
9.457256912068464,-0.7743595203521708,1.0158264588486936,162473.0,12.89,0
8.85304222687787,-1.2241592306363205,2.074125637413033,70832.0,374.95,0
9.501320752925384,-0.7947761337600903,0.8827577982994005,11015.0,14.95,0
9.595771152246966,-0.9377926173245664,1.5205835735421673,71406.0,265.0,0
9.460030173635946,-1.299584378461702,1.7710680601837747,79301.0,1.0,0
9.537671606508045,-0.8026838884206646,1.2758366369583858,138399.0,158.1,0
9.617555061695178,-0.7833701152791994,1.1063932214800256,141186.0,65.94,0
9.56646086864526,-0.8304524249230034,1.2129796625414158,69568.0,10.0,0
9.589592936682223,-0.7335292909428066,1.1256036146973913,89520.0,59.9,0
4.157598823810979,-6.580692125742116,11.91309322646538,72087.0,3.78,0
9.452654579828833,-0.73898996428547,0.7523072366908703,35015.0,4.55,0
9.104434131777227,-1.5982285446395916,2.3148136433271738,48996.0,4.5,0
9.28804303833227,-1.3647331936621065,2.03809301642345,80007.0,104.02,0
9.729394036488078,-0.829255278961235,0.3549183771945378,35526.0,49.99,0
9.661100434806178,-0.8275001082364494,1.2157734630200503,73492.0,104.65,0
9.574576478005588,-0.8232198900670901,1.071620510735597,68764.0,10.0,0
5.693827009945361,-17.620467433885082,-10.098060917569477,68299.0,10.0,0
9.538270267851916,-0.745944680169128,1.0625075908336963,26449.0,1.29,0
8.642086646467313,-0.8538833602113971,1.348859669461873,65487.0,45.75,0
9.116608270974178,-1.00336290567556,0.964548380276658,6992.0,48.1,0
9.526182572120518,-0.7054115751133325,0.9221093556366002,152082.0,0.76,0
9.730032655970332,-0.8560670655759532,1.330112850701948,43761.0,173.7,0
9.70913184423412,-0.7712823699335032,1.2133424665939274,115208.0,9.99,0
7.133857359565231,-3.457919057421108,5.3416475751359025,20134.0,29.95,0
10.042952608505221,-0.5814138706711726,-0.049507586964475214,67012.0,10.0,0
9.421088524492419,-0.7578221167963473,0.9423912959475524,90858.0,29.5,0
9.603627291617903,-0.7748922551677184,0.6269848686922926,108336.0,2.12,0
9.590761820569048,-0.9015226655927453,1.2372108020279347,162011.0,1.0,0
9.879522909365695,-0.7242321673926286,0.8952889393439534,42437.0,20.0,0
9.752009537195795,-0.8653427267670327,1.1386790877500954,127379.0,158.0,0
9.598800016415552,-0.7519428685039149,1.0917132825163525,153839.0,20.0,0
9.559383885874984,-0.7911967506152413,0.954031820281451,98667.0,30.24,0
8.957224556558241,-1.0169974083949045,2.2225625658553576,147488.0,1724.0,0
9.545070471352643,-0.74267215629289,0.9389382226242158,78666.0,7.39,0
9.403619319297132,-0.643083102689765,0.8482038153610649,51357.0,75.08,0
9.517212029448336,-0.6724425876891773,0.673770927551183,51428.0,12.0,0
9.67058748037958,-0.7667798013719056,0.8870529699371514,150257.0,20.42,0
9.36340271886703,-1.2803527990339016,-0.27043658045928387,139910.0,109.0,0
8.891266963742243,-1.4154610774856557,2.5755020505514943,142269.0,600.0,0
6.826343057207721,-11.574618399215357,-4.103441571284635,37621.0,0.76,0
9.619381636521862,-1.0811380410734672,1.344722307014568,69061.0,11.37,0
9.544543958085049,-0.872057452652489,1.3032626183027387,154412.0,26.99,0
9.281804364126579,-1.0640661557622249,1.9815652544793276,81421.0,1187.42,0
9.304203363807408,-0.9019161502953758,1.6252343708386383,148606.0,812.99,0
4.926082332155684,-5.2923767548571545,10.034228952877658,156038.0,9.5,0
9.446996609696036,-0.6000852974289562,0.6836591471680334,152489.0,105.9,0
9.587918537997474,-0.7559836841656701,1.0175084325100054,68378.0,30.72,0
9.613596433728837,-0.9365466237239647,1.4226328063822937,53924.0,20.95,0
9.103541110524066,-1.5237552030329458,2.8034064042652727,50109.0,293.4,0
8.501698382759526,-1.5962987128314863,2.432659811883995,164240.0,30.99,0
9.408820514147267,-1.0941458139319984,1.6369738761122492,49291.0,10.0,0
8.75101851426486,-1.769379687111738,2.6021306005431235,59637.0,392.67,0
9.518331129901341,-0.6728541872053047,0.9511119621052033,65422.0,53.9,0
9.213663487717316,-1.5791523912539902,1.3529273365960297,138519.0,61.99,0
9.095416973945644,-0.5449397810445765,0.5248283145625231,98193.0,119.4,0
9.466724960140201,-0.7215699090521448,1.0685961273785543,33246.0,125.58,0
8.978901169066633,-1.0653139105777558,1.645205871084189,40468.0,512.9,0
9.701415118144862,-0.911517375509193,1.3971159506864117,38343.0,20.04,0
9.645462494748484,-0.8076419630478727,1.054223656578505,78319.0,10.0,0
9.552554109932984,-0.779853247062597,1.2585038626255358,32005.0,238.0,0
9.479775118654038,-0.7416831102132793,0.8105126852187047,78867.0,3.78,0
9.502926139981735,-0.8833726338855181,1.4467264818153558,68555.0,471.39,0
9.603527842933621,-0.7754104326369583,1.0964933145066431,158318.0,74.99,0
9.191221113935649,-0.5623479850557995,0.42729063239686393,90404.0,14.1,0
9.232341335232599,-0.8725797804702858,1.7696507092067262,150954.0,991.45,0
9.615420033263932,-0.7570118086329827,1.0563423975956678,132577.0,9.99,0
9.677589884077197,-0.9536737014740568,1.2433868135579254,24500.0,40.64,0
9.504698050550465,-0.7705120661267486,1.0565789023648402,112982.0,1.0,0
9.664263893903703,-0.8078516808336965,1.156839199030161,130755.0,38.0,0
9.344517312587117,-1.1068264561035048,1.7944739050074852,123830.0,500.0,0
9.6846253100863,-1.009656504742968,1.4771398951831858,119448.0,223.38,0
9.177058514222594,-0.5212228713156033,0.4250648607473574,123954.0,1.0,0
